{"perplexity": [2.239461898803711, 2.217489004135132, 1.9194660186767578, 2.661236047744751, 2.2952492237091064, 9.659832000732422, 1.9878017902374268, 1.761487364768982, 1.9121146202087402, 3.211007595062256, 1.8164277076721191, 1.837010383605957, 3.007537841796875, 3.354445695877075, 2.1304304599761963, 2.241399049758911, 1.7927097082138062, 1.6413878202438354, 1.868310570716858, 1.643494963645935, 3.691333055496216, 2.524252414703369, 1.828445315361023, 1.6698968410491943, 2.5322277545928955, 2.2719919681549072, 3.221160888671875, 5.41495943069458, 2.1598896980285645, 2.389198064804077, 2.3442704677581787, 3.196357011795044, 1.8963050842285156, 1.2861392498016357, 3.0081653594970703, 1.5786553621292114, 2.976499557495117, 2.2681097984313965, 2.2746756076812744, 7.813786506652832, 2.161275863647461, 2.6541850566864014, 3.6808176040649414, 2.4329257011413574, 1.7386726140975952, 2.9805140495300293, 2.283756732940674, 3.1714088916778564, 1.4623308181762695, 2.53164005279541, 2.6170902252197266, 3.1138901710510254, 1.4067928791046143, 2.3230209350585938, 2.46901798248291, 1.7719999551773071, 2.1978394985198975, 2.622030258178711, 1.7808659076690674, 1.9710458517074585, 2.3056845664978027, 3.040670156478882, 2.5957117080688477, 2.865447759628296, 1.9747968912124634, 2.319979667663574, 1.729964256286621, 1.5749859809875488, 1.4126102924346924, 2.8632519245147705, 2.570190191268921, 10.641217231750488, 2.6446921825408936, 2.361450433731079, 3.0456995964050293, 2.1163859367370605, 1.7749760150909424, 2.354001522064209, 1.6402194499969482, 3.234473466873169, 1.6626285314559937, 4.892531871795654, 1.998500943183899, 2.2730441093444824, 1.9739058017730713, 2.154615879058838, 2.9271187782287598, 1.762024164199829, 2.509132146835327, 3.543598175048828, 2.0985236167907715, 2.8279848098754883, 2.045276403427124, 2.930649757385254, 1.8117070198059082, 5.059869766235352, 1.95280921459198, 2.2799336910247803, 1.5876381397247314, 2.8352460861206055], "avg_perplexity": 2.6110888838768007}