{"perplexity": [2.506768226623535, 3.2703638076782227, 3.5850579738616943, 2.130213975906372, 3.5402145385742188, 3.6436843872070312, 7.758152008056641, 2.938382863998413, 3.078181266784668, 3.1500821113586426, 3.748957395553589, 1.1535645723342896, 2.1020007133483887, 5.99485969543457, 3.8343639373779297, 2.5337412357330322, 3.2669360637664795, 1.7372891902923584, 2.423527717590332, 1.3598436117172241, 3.04608154296875, 2.7332682609558105, 4.486989974975586, 20.47919464111328, 9.289944648742676, 2.018096685409546, 1.851736307144165, 9.521852493286133, 1.750266194343567, 2.899916887283325, 6.723499298095703, 4.534477233886719, 2.2905337810516357, 3.037649631500244, 1.451591968536377, 4.896973133087158, 3.1018152236938477, 3.630545139312744, 3.0314953327178955, 10.7279052734375, 2.8746097087860107, 2.6000618934631348, 4.841457366943359, 4.576231956481934, 2.719209671020508, 3.1611673831939697, 5.023399353027344, 2.8966405391693115, 3.3044016361236572, 4.431041717529297, 8.534210205078125, 7.056462287902832, 20.560028076171875, 18.418848037719727, 2.7221789360046387, 4.273716926574707, 3.4811079502105713, 3.0807456970214844, 3.445549964904785, 5.498472213745117, 2.625473737716675, 1.4428870677947998, 3.264476776123047, 7.901031017303467, 5.470589637756348, 10.65168571472168, 4.126642227172852, 7.372541427612305, 2.7019431591033936, 5.755234241485596, 10.731407165527344, 5.767338752746582, 2.0025572776794434, 4.284409523010254, 2.0704832077026367, 19.797677993774414, 3.863128423690796, 2.535764694213867, 1.9373719692230225, 1.9062678813934326, 1.7995407581329346, 3.9405713081359863, 1.6282119750976562, 2.8168764114379883, 3.883626937866211, 3.119290590286255, 26.08915901184082, 3.773155689239502, 2.8138010501861572, 3.078003168106079, 2.393848419189453, 2.953773260116577, 3.8313093185424805, 4.6929216384887695, 53.470699310302734, 9.489852905273438, 7.142087936401367, 7.6202497482299805, 36.52433776855469, 67.35554504394531], "avg_perplexity": 6.33385334610939}