{"perplexity": [1.3673864603042603, 2.426147937774658, 1.4808419942855835, 1.915206789970398, 189.40858459472656, 3.438356399536133, 1.7431472539901733, 2.2749075889587402, 3.270189046859741, 2.4215190410614014, 3.4813172817230225, 10.804075241088867, 3.143385887145996, 7.2014594078063965, 2.5523743629455566, 3.7120964527130127, 3.360570192337036, 3.0290074348449707, 2.521862030029297, 3.4932336807250977, 2.7097954750061035, 1.4873496294021606, 6.510127544403076, 8.480474472045898, 2.808295965194702, 2.515925407409668, 1.7398897409439087, 2.937298536300659, 1.7228440046310425, 2.288424491882324, 6.424860000610352, 2.062394380569458, 2.557607889175415, 2.5340540409088135, 2.764343738555908, 2.090437412261963, 3.7444865703582764, 17.622766494750977, 3.2481460571289062, 3.83923077583313, 2.427686929702759, 2.4059226512908936, 2.6347615718841553, 2.285526990890503, 4.691099166870117, 3.772139549255371, 3.944850206375122, 4.288350582122803, 2.60085391998291, 2.078688383102417, 6.842905044555664, 4.353711128234863, 4.470126152038574, 4.123263835906982, 3.6783287525177, 5.633009433746338, 3.4176084995269775, 2.621926784515381, 2.628365993499756, 3.5870699882507324, 2.706195116043091, 1.984021544456482, 2.936049699783325, 2.6245856285095215, 2.741469621658325, 2.058897018432617, 1.496031641960144, 6.289626121520996, 1.9821059703826904, 2.129014492034912, 3.372206926345825, 2.404909372329712, 14.632003784179688, 4.032564640045166, 3.9169857501983643, 2.0789296627044678, 3.1157939434051514, 2.172081708908081, 1.967470645904541, 2.3036396503448486, 3.9501094818115234, 5.508388996124268, 4.263528347015381, 1.8041263818740845, 4.46992826461792, 2.3009300231933594, 1.8965725898742676, 5.585927963256836, 3.631366014480591, 1.6393883228302002, 3.500149965286255, 4.648936748504639, 3.112626552581787, 2.6497559547424316, 18.529190063476562, 1.8419567346572876, 1.9450342655181885, 1.9049243927001953, 2.271192789077759, 1.898062825202942], "avg_perplexity": 5.499172968864441}