{"perplexity": [1.9144259691238403, 1.8569217920303345, 2.059465169906616, 2.1775131225585938, 2.9800832271575928, 3.1997337341308594, 2.279972553253174, 2.95434832572937, 2.8398680686950684, 3.5511398315429688, 1.6785415410995483, 2.490100383758545, 2.824195384979248, 2.1175475120544434, 2.552861452102661, 1.4767252206802368, 4.614803791046143, 1.343695878982544, 1.7763526439666748, 2.2520411014556885, 2.5038726329803467, 8.788501739501953, 2.2430455684661865, 1.7764551639556885, 2.665181875228882, 2.3724312782287598, 2.281906843185425, 1.9459741115570068, 2.4991042613983154, 7.139800071716309, 1.5064642429351807, 2.1637022495269775, 3.60090708732605, 1.7487714290618896, 2.150183916091919, 2.1368491649627686, 1.917477011680603, 1.2199995517730713, 2.3107054233551025, 2.8403851985931396, 2.295254707336426, 2.9666473865509033, 1.899279236793518, 2.0319838523864746, 8.115339279174805, 1.3727396726608276, 1.3073023557662964, 1.5638582706451416, 2.7126944065093994, 3.6746506690979004, 2.5698416233062744, 6.613095760345459, 1.573538899421692, 3.8648197650909424, 2.2759134769439697, 2.6684634685516357, 1.4416158199310303, 3.094075918197632, 2.7164647579193115, 2.356874704360962, 2.0710461139678955, 1.8462698459625244, 1.645276665687561, 1.8535702228546143, 1.7694926261901855, 6.3472981452941895, 3.340660333633423, 3.6403138637542725, 2.111233711242676, 2.3190083503723145, 1.4350414276123047, 2.392246961593628, 3.2171828746795654, 3.9507336616516113, 1.6768518686294556, 2.94799542427063, 2.708768844604492, 2.808659553527832, 1.4849382638931274, 4.6515936851501465, 2.396501064300537, 4.022620677947998, 2.010349988937378, 2.329739809036255, 2.1166162490844727, 2.033331871032715, 2.9191458225250244, 1.7931551933288574, 2.0527379512786865, 3.1542696952819824, 2.041532039642334, 7.629001140594482, 2.496788501739502, 2.510869026184082, 2.7266674041748047, 2.4076764583587646, 1.7295281887054443, 1.8967007398605347, 2.0105857849121094, 2.1285130977630615], "avg_perplexity": 2.684910227060318}