{"perplexity": [1.0858581066131592, 1.84320068359375, 1.3740267753601074, 1.467275857925415, 176.1338348388672, 2.074263334274292, 1.5152851343154907, 1.5682449340820312, 2.433199882507324, 2.1106207370758057, 2.8096697330474854, 5.555494785308838, 2.1937873363494873, 4.542410373687744, 2.1536102294921875, 2.473165273666382, 2.2634165287017822, 2.3285024166107178, 2.107386589050293, 2.576270580291748, 1.7086902856826782, 1.3441096544265747, 3.0131170749664307, 4.6909098625183105, 2.1417396068573, 1.9799453020095825, 1.2262306213378906, 1.8627276420593262, 1.6425447463989258, 1.9129729270935059, 2.8902647495269775, 1.5683560371398926, 1.9067407846450806, 2.1339457035064697, 2.096916913986206, 1.6024733781814575, 2.5116660594940186, 10.138970375061035, 2.7155017852783203, 2.9597837924957275, 1.7458070516586304, 1.8120900392532349, 2.316176176071167, 1.5862997770309448, 3.265298366546631, 2.8514020442962646, 2.92850399017334, 3.06233811378479, 2.0988337993621826, 1.5686882734298706, 5.595067024230957, 2.210909843444824, 3.2470457553863525, 3.1072895526885986, 2.7052574157714844, 3.7766573429107666, 1.8667107820510864, 2.0396111011505127, 2.187354564666748, 2.7435200214385986, 2.1920576095581055, 1.5744054317474365, 2.0808298587799072, 1.8245086669921875, 1.9606906175613403, 1.3435319662094116, 1.2964231967926025, 4.570841312408447, 1.829569697380066, 1.898791790008545, 1.8466509580612183, 1.8085308074951172, 8.96531867980957, 3.1291797161102295, 2.6381773948669434, 1.6923519372940063, 2.342252731323242, 1.8903316259384155, 1.5646990537643433, 1.854309320449829, 2.859097480773926, 2.908782720565796, 2.750030517578125, 1.608195185661316, 2.907536029815674, 1.460625410079956, 1.6705610752105713, 3.5179226398468018, 2.770066976547241, 1.5896646976470947, 2.81430983543396, 3.627106189727783, 2.465719699859619, 1.9570561647415161, 8.82396125793457, 1.6206717491149902, 1.6141892671585083, 1.662581205368042, 1.7007511854171753, 1.9724133014678955], "avg_perplexity": 4.259766874313354}