{"perplexity": [2.5072429180145264, 2.5710933208465576, 3.734631061553955, 4.231790065765381, 4.380981922149658, 3.7944579124450684, 3.5945258140563965, 5.799772262573242, 4.276001930236816, 6.099084377288818, 3.6834280490875244, 2.9435598850250244, 5.602396488189697, 2.9242265224456787, 4.8601813316345215, 1.6317036151885986, 5.835641384124756, 1.9858123064041138, 4.37538480758667, 3.678847551345825, 4.499482154846191, 25.14177131652832, 3.9607882499694824, 2.066793918609619, 3.6478030681610107, 4.419491767883301, 3.963249444961548, 2.390801429748535, 3.946309804916382, 13.388493537902832, 1.9788928031921387, 3.9785280227661133, 5.3004889488220215, 2.2718505859375, 2.5548765659332275, 4.1341938972473145, 3.5199663639068604, 2.225773811340332, 2.5910286903381348, 3.3760550022125244, 2.7987568378448486, 4.735001564025879, 2.3651983737945557, 2.5551130771636963, 24.015403747558594, 1.5884267091751099, 1.9304041862487793, 2.7378504276275635, 5.325862407684326, 4.356362342834473, 6.521080493927002, 10.146283149719238, 3.9507296085357666, 5.619297027587891, 2.605933666229248, 6.224507808685303, 2.246244430541992, 3.3304333686828613, 3.17030930519104, 5.879040241241455, 2.607654333114624, 2.46952748298645, 2.2360801696777344, 2.3787288665771484, 2.1261894702911377, 13.499594688415527, 5.587558746337891, 4.518209457397461, 2.6308722496032715, 3.135084629058838, 1.7526963949203491, 2.9858992099761963, 5.699460506439209, 9.418479919433594, 1.9731252193450928, 3.8925940990448, 2.955435276031494, 3.6284029483795166, 1.6774094104766846, 6.703100204467773, 2.9142000675201416, 6.013830661773682, 2.779583692550659, 3.079700231552124, 3.8429811000823975, 4.43913459777832, 3.9159512519836426, 2.7841460704803467, 3.81148099899292, 4.250913619995117, 2.58168888092041, 39.08735275268555, 5.509825229644775, 7.136451721191406, 3.317718505859375, 4.178539752960205, 1.9572726488113403, 2.170574188232422, 3.1918210983276367, 11.325577735900879], "avg_perplexity": 4.80134489774704}