{"perplexity": [2.0627329349517822, 2.5861656665802, 2.875483751296997, 1.4094871282577515, 2.1911752223968506, 2.6264398097991943, 5.006896495819092, 1.7774525880813599, 2.226506233215332, 2.3398547172546387, 2.2342233657836914, 1.0828349590301514, 1.2614737749099731, 3.4235622882843018, 2.841385841369629, 2.0664782524108887, 2.2565038204193115, 1.2184906005859375, 1.4276528358459473, 1.2159662246704102, 1.8419257402420044, 1.5218229293823242, 3.3266050815582275, 10.06508731842041, 2.995373249053955, 1.7077347040176392, 1.1486762762069702, 5.100645542144775, 1.3484586477279663, 1.673787236213684, 4.427168369293213, 2.7207190990448, 1.5226311683654785, 2.262845754623413, 1.1848691701889038, 3.80417799949646, 2.2856342792510986, 2.588259696960449, 2.4464266300201416, 7.506635665893555, 2.3724045753479004, 2.240233898162842, 3.638737916946411, 3.5863518714904785, 1.7992432117462158, 2.2111825942993164, 3.8398630619049072, 1.9495784044265747, 2.47471284866333, 3.126020669937134, 4.173168659210205, 2.9265003204345703, 11.01302719116211, 7.689385890960693, 2.2551910877227783, 3.2677621841430664, 1.7459590435028076, 2.1148431301116943, 2.233361005783081, 3.008251905441284, 1.6837488412857056, 1.1407088041305542, 2.427945852279663, 4.8384175300598145, 3.9855246543884277, 8.61389446258545, 3.1153616905212402, 4.805242538452148, 1.7335315942764282, 3.807865858078003, 7.453574180603027, 3.5908823013305664, 1.7311558723449707, 3.027017116546631, 1.618388295173645, 11.365509033203125, 2.87992000579834, 2.0409066677093506, 1.6677931547164917, 1.6407713890075684, 1.4914265871047974, 2.9640285968780518, 1.5178989171981812, 1.8605015277862549, 3.3444199562072754, 2.6944563388824463, 20.18926429748535, 2.9431633949279785, 1.7091847658157349, 2.6795356273651123, 1.936262845993042, 2.2895967960357666, 3.1225359439849854, 2.346045970916748, 48.18834686279297, 4.8815460205078125, 2.8030612468719482, 3.9299519062042236, 15.067368507385254, 16.28533363342285], "avg_perplexity": 3.8868812012672422}