{"perplexity": [4.377273082733154, 3.3735766410827637, 2.3465137481689453, 6.541592121124268, 2.73006534576416, 35.298152923583984, 2.5398621559143066, 2.820490598678589, 2.1368749141693115, 10.386223793029785, 2.7661287784576416, 2.3228933811187744, 3.393322229385376, 5.783137321472168, 3.061927556991577, 2.812110662460327, 2.463033676147461, 3.323612689971924, 2.211057662963867, 2.1022274494171143, 4.757952690124512, 2.7682833671569824, 2.0070135593414307, 4.765221118927002, 3.5089848041534424, 3.2484445571899414, 7.262908458709717, 7.008224964141846, 3.975569725036621, 4.392119407653809, 3.414983034133911, 4.370021820068359, 2.72052264213562, 1.6927006244659424, 3.759105682373047, 1.8882898092269897, 3.6412088871002197, 3.733798027038574, 4.017323970794678, 17.438682556152344, 2.5563082695007324, 3.688061237335205, 5.699722766876221, 2.697010040283203, 2.4634265899658203, 5.9532952308654785, 4.288939476013184, 4.539345741271973, 1.7781988382339478, 3.391083240509033, 5.317500591278076, 3.7879793643951416, 1.5938787460327148, 4.123538494110107, 4.6648478507995605, 2.4275341033935547, 2.4248900413513184, 3.0200648307800293, 2.250567674636841, 3.372685432434082, 3.0756750106811523, 4.639327049255371, 4.317667484283447, 4.230196952819824, 3.4608871936798096, 3.9503872394561768, 2.3465163707733154, 2.101616144180298, 1.5853720903396606, 3.2877628803253174, 2.9379048347473145, 17.65213966369629, 4.7020769119262695, 3.073378086090088, 6.342840194702148, 4.083014488220215, 2.589962959289551, 3.2218329906463623, 1.7882311344146729, 4.282442569732666, 2.0671777725219727, 8.42004108428955, 3.0924410820007324, 3.943988084793091, 2.584347724914551, 4.267538070678711, 4.317056179046631, 3.2724692821502686, 6.535960674285889, 5.807790279388428, 2.5378143787384033, 3.4159300327301025, 2.5057828426361084, 4.402529239654541, 3.184370279312134, 15.696249961853027, 4.451673984527588, 3.267509937286377, 2.25854229927063, 4.067412376403809], "avg_perplexity": 4.369661728143692}