"Step","codegen-swift-LoRa-v7-run-1-wandb - eval/loss","codegen-swift-LoRa-v7-run-1-wandb - eval/loss__MIN","codegen-swift-LoRa-v7-run-1-wandb - eval/loss__MAX"
"50","0.8591369390487671","0.8591369390487671","0.8591369390487671"
"101","0.8577843308448792","0.8577843308448792","0.8577843308448792"
"152","0.8586348295211792","0.8586348295211792","0.8586348295211792"
"203","0.8607249855995178","0.8607249855995178","0.8607249855995178"
"254","0.858250081539154","0.858250081539154","0.858250081539154"
"305","0.8575491309165955","0.8575491309165955","0.8575491309165955"