{"perplexity": [1.1419466733932495, 2.0118086338043213, 1.37957763671875, 1.6061992645263672, 165.4798583984375, 2.7730565071105957, 1.5611337423324585, 1.8174840211868286, 2.6364071369171143, 2.2133185863494873, 3.140566825866699, 7.21881103515625, 2.5562961101531982, 5.396058559417725, 2.29158616065979, 2.748755693435669, 2.5986826419830322, 2.650620222091675, 2.195709228515625, 2.918689250946045, 2.0651466846466064, 1.3740811347961426, 3.952737808227539, 5.9203619956970215, 2.35005784034729, 2.1593265533447266, 1.38839852809906, 2.1205193996429443, 1.6586261987686157, 2.056779146194458, 4.304378032684326, 1.732277512550354, 2.113278865814209, 2.236440896987915, 2.340634346008301, 1.6778321266174316, 2.852278470993042, 11.993528366088867, 2.8410446643829346, 3.2265188694000244, 1.8786914348602295, 2.0428144931793213, 2.3086633682250977, 1.886551856994629, 3.6177167892456055, 3.0612263679504395, 3.130431890487671, 3.5495431423187256, 2.199131965637207, 1.7233885526657104, 6.003457069396973, 3.002621650695801, 3.646209239959717, 3.4122121334075928, 2.9777565002441406, 4.332746982574463, 2.5142335891723633, 2.1776833534240723, 2.3211066722869873, 2.946744918823242, 2.3812482357025146, 1.79193115234375, 2.3523483276367188, 2.039729595184326, 2.163611888885498, 1.5623005628585815, 1.3813600540161133, 5.055638790130615, 1.8645243644714355, 1.9586570262908936, 2.32763934135437, 1.9577505588531494, 12.440286636352539, 3.4012815952301025, 2.9905717372894287, 1.7893108129501343, 2.540297269821167, 1.9193294048309326, 1.7401734590530396, 2.0837960243225098, 3.148169755935669, 3.8528685569763184, 3.3148481845855713, 1.6646292209625244, 3.2477314472198486, 1.6179875135421753, 1.720404863357544, 4.0901570320129395, 3.0196261405944824, 1.5637123584747314, 3.0142738819122314, 3.8754749298095703, 2.7993485927581787, 2.1758296489715576, 14.03565788269043, 1.663777470588684, 1.7154514789581299, 1.7505618333816528, 1.8341385126113892, 1.747105598449707], "avg_perplexity": 4.5302728748321535}