{"perplexity": [2.1806859970092773, 2.7343826293945312, 3.2331886291503906, 1.6096636056900024, 2.6110246181488037, 2.8575074672698975, 6.767175197601318, 2.1539804935455322, 2.48935866355896, 2.5642075538635254, 2.6540448665618896, 1.098425030708313, 1.634153962135315, 4.1811137199401855, 3.19449520111084, 2.211895227432251, 2.651256799697876, 1.3603519201278687, 1.8107372522354126, 1.2493876218795776, 2.234130382537842, 1.8597559928894043, 3.737090587615967, 14.282076835632324, 5.521953105926514, 1.7823683023452759, 1.2429746389389038, 6.846067428588867, 1.4107812643051147, 2.1952779293060303, 5.04286003112793, 3.3099708557128906, 1.727167010307312, 2.3996217250823975, 1.2845897674560547, 4.170548915863037, 2.5208404064178467, 2.8872265815734863, 2.5526885986328125, 8.179442405700684, 2.501960039138794, 2.3308393955230713, 4.121297359466553, 3.846174955368042, 1.98664128780365, 2.459242343902588, 4.402412414550781, 2.1579537391662598, 2.722294569015503, 3.6917724609375, 7.189847946166992, 4.519175052642822, 15.234686851501465, 12.656731605529785, 2.388829231262207, 3.550579071044922, 2.4029033184051514, 2.325892925262451, 2.580937623977661, 4.289281845092773, 1.9893134832382202, 1.215497612953186, 2.6870369911193848, 5.446455001831055, 4.2636237144470215, 9.284263610839844, 3.3634753227233887, 5.662649154663086, 2.0550575256347656, 4.545187950134277, 8.713132858276367, 4.207217216491699, 1.811393141746521, 3.361348867416382, 1.8623055219650269, 16.134984970092773, 3.183342695236206, 2.2721879482269287, 1.7500534057617188, 1.706162452697754, 1.6266632080078125, 3.342395067214966, 1.5428794622421265, 2.1463544368743896, 3.4658286571502686, 2.8491907119750977, 21.72149085998535, 3.1600022315979004, 2.123661756515503, 2.7763261795043945, 2.008863687515259, 2.4250314235687256, 3.2962207794189453, 3.214961290359497, 52.52939224243164, 6.45974588394165, 4.096521377563477, 5.367656707763672, 26.850244522094727, 48.252525329589844], "avg_perplexity": 4.985645685195923}