{"perplexity": [2.040879726409912, 1.9046576023101807, 2.4085159301757812, 2.4248080253601074, 3.1683335304260254, 3.217315196990967, 2.3862102031707764, 3.3949203491210938, 3.0813214778900146, 4.216413497924805, 1.924001693725586, 2.5099356174468994, 3.126983642578125, 2.1033742427825928, 2.811621904373169, 1.4928761720657349, 4.674005031585693, 1.5338797569274902, 2.0582244396209717, 2.4112906455993652, 2.774423122406006, 10.116231918334961, 2.6419169902801514, 1.8195974826812744, 2.7358689308166504, 2.841329336166382, 2.5582637786865234, 2.009477138519287, 2.740598201751709, 8.228147506713867, 1.5308759212493896, 2.4394371509552, 3.7177975177764893, 1.7964998483657837, 2.2272701263427734, 2.551682233810425, 2.0727427005767822, 1.455430030822754, 2.3413684368133545, 2.9383132457733154, 2.3630685806274414, 3.34085750579834, 1.988850474357605, 2.065990447998047, 10.107847213745117, 1.4169491529464722, 1.404861330986023, 1.7280248403549194, 2.9810726642608643, 3.7211389541625977, 2.923130750656128, 6.999875068664551, 1.7337738275527954, 4.412849426269531, 2.3427703380584717, 3.0637292861938477, 1.7197034358978271, 3.1146178245544434, 2.75803279876709, 2.882840394973755, 2.1031763553619385, 1.960773229598999, 1.713185429573059, 1.9703199863433838, 1.8273662328720093, 6.908834457397461, 3.8316776752471924, 3.7639737129211426, 2.200087308883667, 2.4490435123443604, 1.4491584300994873, 2.4866435527801514, 3.423431634902954, 5.0928449630737305, 1.715259313583374, 3.137155294418335, 2.6873362064361572, 2.898911476135254, 1.5244193077087402, 4.727277755737305, 2.437114953994751, 4.166654109954834, 2.099079132080078, 2.4420418739318848, 2.146636962890625, 2.1817126274108887, 2.9484670162200928, 1.9481306076049805, 2.2181639671325684, 3.1860742568969727, 2.161892890930176, 8.591470718383789, 2.9743869304656982, 2.700357675552368, 2.8041391372680664, 2.754873752593994, 1.7480888366699219, 1.988409399986267, 2.1728596687316895, 2.9842073917388916], "avg_perplexity": 2.920224623680115}