{"perplexity": [2.633655309677124, 2.3331849575042725, 1.9792886972427368, 3.5072615146636963, 2.354806423187256, 14.86534309387207, 2.0701253414154053, 1.8603359460830688, 1.936281681060791, 4.164921760559082, 2.0340933799743652, 1.8768479824066162, 3.10066819190979, 3.6511008739471436, 2.267507791519165, 2.2812609672546387, 1.8866254091262817, 1.7473762035369873, 1.9019370079040527, 1.695954442024231, 3.815603256225586, 2.5247771739959717, 1.8780463933944702, 1.8909329175949097, 2.681234359741211, 2.381993532180786, 3.6846423149108887, 5.583651542663574, 2.4060873985290527, 2.6839277744293213, 2.463291883468628, 3.3360791206359863, 1.9904311895370483, 1.3445568084716797, 3.0496671199798584, 1.6437110900878906, 3.086156129837036, 2.6399149894714355, 2.4630682468414307, 9.746440887451172, 2.184940814971924, 2.840027332305908, 4.112858295440674, 2.4584951400756836, 1.7737212181091309, 3.335170030593872, 2.445375680923462, 3.3460404872894287, 1.4726293087005615, 2.8508877754211426, 2.931245803833008, 3.1614389419555664, 1.4263304471969604, 2.535797119140625, 2.9368410110473633, 1.8985902070999146, 2.223241090774536, 2.584354877471924, 1.8343943357467651, 2.2797622680664062, 2.3511438369750977, 3.1517865657806396, 2.8189327716827393, 3.0708515644073486, 2.193594217300415, 2.525031328201294, 1.790510892868042, 1.635644555091858, 1.41530179977417, 2.9071757793426514, 2.6131794452667236, 11.366056442260742, 3.1717543601989746, 2.4131455421447754, 3.4115777015686035, 2.296231985092163, 1.9082211256027222, 2.4123129844665527, 1.658958911895752, 3.331956624984741, 1.7420464754104614, 5.379675388336182, 2.1667685508728027, 2.4410126209259033, 2.057147264480591, 2.354112148284912, 3.1168127059936523, 1.957611083984375, 3.127516031265259, 4.0429840087890625, 2.157315492630005, 2.8528192043304443, 2.1476030349731445, 3.1262924671173096, 1.92015540599823, 5.89577054977417, 2.29702091217041, 2.390425682067871, 1.691210150718689, 3.1148905754089355], "avg_perplexity": 2.8649749147891996}